Workbook

Sheet data
A1: record_id | B1: PatientID | C1: hospital | D1: embolias_prev | E1: fecha_prev1 | F1: fecha_prev2 | G1: fecha_prev3 | H1: fecha_diagnostico | I1: fecha_ingreso | J1: fecha_eco | K1: fecha_inicio_trat | L1: embolias_trat | M1: fecha_trat1 | N1: fecha_trat2 | O1: indicacion_cirugia | P1: fecha_cirugia | Q1: fecha_alta | R1: fecha_muerte | S1: diam_ao | T1: diam_mitral | U1: diam_ao_2 | V1: diam_mitral_2 | W1: Final | X1: IA | Y1: IA_RECORD | Z1: result | AA1: Valido | AB1: revisar medida | AC1: comentarios | AE1: Comentarios REDCAP
A2: HCSCM-1 | B2: 1226645 | C2: HCSCM | D2: 0 | H2: 2023-08-07 | I2: 2023-08-03 | J2: 2023-08-07 | K2: 2023-08-07 | L2: 1 | M2: 2023-08-07 | O2: 1 | P2: 2023-09-12 | Q2: 2023-11-28 | T2: 19 | V2: 19 | W2: 19 | Z2: 2 | AA2: TRUE | AC2: mecánica dificil de medir, hay dos que se juntan
A3: HCSCM-2 | B3: 2571256 | C3: HCSCM | D3: 1 | E3: 2022-12-12 | H3: 2022-12-14 | I3: 2022-12-12 | J3: 2022-12-15 | K3: 2022-12-12 | L3: 0 | O3: 0 | Q3: 2023-01-03 | S3: 7 | U3: 10 | W3: 7 | Z3: 6 | AA3: TRUE | AC3: bicuspide, dificil de medir
A4: HCSCM-3 | B4: 2510107 | C4: HCSCM | D4: 1 | E4: 2022-12-13 | H4: 2022-12-15 | I4: 2022-12-13 | J4: 2022-12-16 | K4: 2022-12-14 | L4: 0 | O4: 1 | P4: 2022-12-17 | Q4: 2023-01-30 | T4: 13 | V4: 13 | W4: 13 | Z4: 7 | AA4: TRUE | AC4: Se encuentra entre la válvulas
A5: HCSCM-4 | B5: 2574432 | C5: HCSCM | D5: 3 | E5: 2023-03-14 | F5: 2023-03-14 | G5: 2023-03-14 | H5: 2023-03-14 | I5: 2023-03-14 | J5: 2023-03-15 | K5: 2023-03-14 | L5: 0 | O5: 1 | P5: 2023-03-15 | Q5: 2023-04-25 | S5: 30 | U5: 28 | W5: 30 | Z5: 7 | AA5: TRUE | AC5: Muy larga, muy móvil, operada mismo día que el eco con varias previas
A6: HCSCM-5 | B6: 2638996 | C6: HCSCM | D6: 1 | E6: 2023-12-07 | H6: 2023-12-08 | I6: 2023-12-06 | J6: 2023-12-12 | K6: 2023-12-07 | L6: 0 | O6: 1 | P6: 2023-12-14 | Q6: 2024-03-12 | T6: 20 | V6: 22 | W6: 20 | Z6: 7 | AA6: TRUE | AC6: mala calidad en la imagen
A7: HCSCM-6 | B7: 2718947 | C7: HCSCM | D7: 3 | E7: 2025-03-31 | F7: 2025-03-31 | G7: 2025-03-31 | H7: 2025-03-31 | I7: 2025-03-31 | J7: 45748 | K7: 2025-03-31 | L7: 1 | M7: 2025-04-04 | O7: 1 | P7: 2025-04-03 | R7: 2025-04-07 | T7: 25 | V7: 23 | W7: 25 | Z7: 4 | AA7: TRUE | AC7: hay dos grandes
A8: HCSCM-7 | B8: 1734885 | C8: HCSCM | D8: 2 | E8: 2020-12-09 | F8: 2020-12-09 | H8: 2020-12-22 | I8: 2020-12-09 | J8: 2020-12-22 | K8: 2020-12-09 | L8: 0 | O8: 0 | Q8: 2021-01-22 | T8: 9 | V8: 8 | W8: 9 | Z8: 6 | AA8: TRUE | AC8: muy anclada a la vegetación, se distingue mal el borde
A9: HCSCM-8 | B9: 131977 | C9: HCSCM | D9: 1 | E9: 2021-02-21 | H9: 2021-02-22 | I9: 2021-02-21 | J9: 2021-02-22 | K9: 2021-02-21 | L9: 0 | O9: 1 | R9: 2021-02-24 | S9: 20 | U9: 20 | W9: 20 | Z9: 7 | AA9: TRUE | AC9: muere dos días después de la eco
A10: HCSCM-9 | B10: 1758093 | C10: HCSCM | D10: 0 | H10: 2021-02-10 | I10: 2021-02-08 | J10: 2021-02-10 | K10: 2021-02-09 | L10: 1 | M10: 2021-02-22 | O10: 1 | Q10: 2021-03-30 | S10: 15 | V10: 15 | W10: 15 | Z10: 1 | AA10: TRUE | AC10: Se indica cirtugía pero no se realiza por la fragilidad del paciente
A11: HCSCM-10 | B11: 2419082 | C11: HCSCM | D11: 2 | E11: 2020-07-01 | F11: 2020-07-01 | H11: 2020-07-03 | I11: 2020-06-29 | J11: 2020-07-04 | K11: 2020-07-03 | L11: 0 | O11: 1 | P11: 2020-07-04 | Q11: 2020-07-24 | S11: 13 | U11: 14 | W11: 13 | Z11: 7 | AA11: TRUE | AC11: Se opera el mismo día que se realiza la eco
A12: HCSCM-11 | B12: 2307720 | C12: HCSCM | D12: 1 | E12: 2021-06-19 | H12: 2021-06-20 | I12: 2021-06-18 | J12: 2021-06-21 | K12: 2021-06-21 | L12: 0 | O12: 1 | P12: 2021-06-23 | R12: 2021-08-23 | S12: 23 | U12: 24 | W12: 23 | Z12: 13 | AA12: TRUE | AC12: Cirugía realizada rápida
A13: HCSCM-12 | B13: 1855739 | C13: HCSCM | D13: 0 | H13: 2020-09-29 | I13: 2020-08-21 | J13: 2020-09-29 | K13: 2020-08-19 | L13: 1 | M13: 2020-09-24 | O13: 1 | Q13: 2020-10-26 | T13: 12 | V13: 12 | W13: 12 | Z13: 6 | AA13: TRUE | AC13: Anclada mécanica, no grande, movimiento asincopado respecto válvula, parece gran tensión
A14: HCSCM-13 | B14: 2454406 | C14: HCSCM | D14: 3 | E14: 2021-04-13 | F14: 2021-04-13 | G14: 2021-04-13 | H14: 2024-04-14 | I14: 2024-04-13 | J14: 2021-04-19 | K14: 2021-04-14 | L14: 0 | O14: 0 | Q14: 2021-05-14 | T14: 5 | V14: 13 | W14: 5 | Z14: 6 | AA14: TRUE | AB14: MMD | AC14: Medir la vegetación
A15: HCSCM-14 | B15: 1572014 | C15: HCSCM | D15: 1 | E15: 2021-04-01 | H15: 2021-04-05 | I15: 2021-03-22 | J15: 2021-04-08 | K15: 2021-04-01 | L15: 0 | O15: 1 | P15: 2021-04-09 | Q15: 2021-05-22 | T15: 8 | W15: 8 | Z15: 7 | AA15: TRUE | AB15: A | AC15: mecánica, no veo la vegetación
A16: HCSCM-15 | B16: 2400470 | C16: HCSCM | D16: 2 | E16: 2021-02-08 | F16: 2021-02-08 | H16: 2021-02-11 | I16: 2021-02-05 | J16: 2021-02-18 | K16: 2021-02-08 | L16: 0 | O16: 1 | P16: 2021-02-19 | Q16: 2021-03-21 | S16: 15 | V16: 16 | W16: 15 | Z16: 7 | AA16: TRUE | AC16: artefacto y dificil de medir
A17: HCSCM-16 | B17: 819229 | C17: HCSCM | D17: 2 | E17: 2022-06-15 | F17: 2022-06-15 | H17: 2022-06-20 | I17: 2022-06-15 | J17: 2022-06-20 | K17: 2022-06-20 | L17: 0 | O17: 1 | P17: 2022-06-29 | Q17: 2022-07-26 | S17: 11 | U17: 14 | W17: 11 | Z17: 7 | AA17: TRUE | AB17: MD | AC17: Me parece que han medido de menos
A18: HCSCM-17 | B18: 2534956 | C18: HCSCM | D18: 0 | H18: 2022-05-28 | I18: 2022-05-17 | J18: 2022-05-31 | K18: 2022-05-17 | L18: 1 | M18: 2022-05-26 | O18: 1 | Q18: 2022-06-30 | T18: 14 | V18: 15 | W18: 14 | Z18: 6 | AA18: TRUE | AC18: Grande y con movilidad, me parece un pelin más grande
A19: HCSCM-18 | B19: 2529312 | C19: HCSCM | D19: 0 | H19: 2022-04-24 | I19: 2022-04-17 | J19: 2022-04-30 | K19: 2022-04-17 | L19: 2 | M19: 2022-04-30 | N19: 2022-04-30 | O19: 1 | Q19: 2022-07-16 | T19: 5 | V19: 11 | W19: 5 | Z19: 2 | AA19: TRUE | AB19: A | AC19: Hay una masa rara muy móvil
A20: HCSCM-19 | B20: 562464 | C20: HCSCM | D20: 2 | E20: 2021-12-14 | F20: 2021-12-14 | H20: 2021-12-14 | I20: 2021-12-14 | J20: 2021-12-27 | K20: 2021-12-14 | L20: 0 | O20: 1 | P20: 2021-12-27 | Q20: 2022-01-26 | T20: 13 | V20: 14 | W20: 13 | Z20: 7 | AA20: TRUE | AC20: Parece que se va a soltar, operan el mismo día
A21: HCSCM-20 | B21: 2739127 | C21: HCSCM | D21: 0 | H21: 2025-04-09 | I21: 2025-04-04 | J21: 2025-04-22 | K21: 2025-04-04 | L21: 1 | M21: 2025-05-05 | O21: 1 | P21: 2025-04-25 | Q21: 2025-05-19 | S21: 8 | U21: 12 | W21: 8 | Z21: 4 | AA21: TRUE | AB21: MMD | AC21: Es claramente mayor de 8
A22: HCSCM-21 | B22: 1370986 | C22: HCSCM | D22: 0 | H22: 2024-01-01 | I22: 2023-12-30 | J22: 2024-01-02 | K22: 2023-12-30 | L22: 0 | O22: 1 | P22: 2024-01-03 | R22: 2024-01-23 | T22: 24 | V22: 17 | W22: 24 | Z22: 8 | AA22: TRUE | AB22: MMD | AC22: medido muy diferente
A23: HCSCM-22 | B23: 1740014 | C23: HCSCM | D23: 1 | E23: 2025-04-27 | H23: 2025-04-30 | I23: 2025-04-27 | J23: 2025-04-30 | K23: 2025-04-27 | L23: 0 | O23: 1 | R23: 2025-05-06 | T23: 9 | V23: 12 | W23: 9 | Z23: 7 | AA23: TRUE | AB23: TRUE | AC23: Hay ecografías de dos días diferentes de este paciente | AE23: En el mismo estudio se fusionaron dos estudios, realizados el día 30/4/2025 y 5/5/2025. Analicen únicamente los archivos del día 30/4/2025
A24: HCSCM-23 | B24: 219913 | C24: HCSCM | D24: 0 | H24: 2025-04-14 | I24: 2025-04-09 | J24: 2025-04-15 | K24: 2025-04-09 | L24: 1 | M24: 2025-05-14 | O24: 1 | P24: 2025-04-25 | Q24: 2025-06-06 | S24: 33 | U24: 30 | W24: 33 | Z24: 4 | AA24: TRUE | AB24: B | AC24: 10 diás sin operar y no le da una embolia y embolia 20 días más tarde tras haberse operado
A25: HCSCM-24 | B25: 1441420 | C25: HCSCM | D25: 1 | E25: 2021-07-26 | H25: 2021-08-06 | I25: 2021-07-26 | J25: 2021-08-06 | K25: 2021-08-05 | L25: 0 | O25: 1 | R25: 2021-10-30 | T25: 15 | V25: 16 | W25: 15 | Z25: 7 | AA25: TRUE | AB25: B | AC25: Hay dos en la mitral,pasa bastante hasta la muerte sin embolia con vegetación grande. Fecha de Muerte corregida por el hospital tras correo. Viendo imagen Dificil entender que no embolice
A26: HCSCM-25 | C26: HCSCM | D26: 3 | E26: 2021-04-14 | F26: 2021-04-14 | G26: 2021-04-14 | H26: 2021-04-16 | I26: 2021-04-14 | J26: 2021-04-19 | K26: 2021-04-14 | L26: 0 | O26: 0 | Q26: 2021-05-15 | T26: 8 | Z26: -1 | AA26: FALSE | AC26: Duplicado con 13, ya no hay imágenes en REDCAP (revisar las descargadas)
A27: HCSCM-26 | B27: 2624238 | C27: HCSCM | D27: 0 | H27: 2023-09-22 | I27: 2023-09-19 | J27: 2023-09-25 | K27: 2023-09-22 | L27: 0 | O27: 1 | P27: 2023-09-26 | Q27: 2023-11-02 | S27: 13 | U27: 12 | W27: 13 | Z27: 8 | AA27: TRUE | AC27: Hay dos la de la aórtica es la mas grande y cuenta un poco medirla
A28: HCSCM-27 | B28: 2059319 | C28: HCSCM | D28: 0 | H28: 2023-08-30 | I28: 2023-08-29 | J28: 2023-08-30 | K28: 2023-08-29 | L28: 0 | O28: 1 | Q28: 2023-10-16 | T28: 3 | W28: 3 | Z28: 5 | AA28: TRUE | AC28: No soy capaz de medirlo, aneurisma
A29: HCSCM-28 | B29: 560742 | C29: HCSCM | D29: 0 | H29: 2023-06-10 | I29: 2023-06-09 | J29: 2023-06-14 | K29: 2023-06-13 | L29: 0 | O29: 1 | P29: 2023-06-14 | Q29: 2023-07-04 | T29: 20 | W29: 20 | Z29: 8 | AA29: TRUE | AB29: C | AC29: Es enorme, como no puede tener embolias previas? (Bacilos Gram Negativos)
A30: HCSCM-29 | B30: 2599036 | C30: HCSCM | D30: 0 | H30: 2023-05-06 | I30: 2023-05-05 | J30: 2023-05-07 | K30: 2023-05-06 | L30: 0 | O30: 1 | P30: 2023-05-12 | R30: 2023-05-25 | S30: 15 | U30: 15 | W30: 15 | Z30: 8 | AA30: TRUE | AC30: muy dificil de medir
A31: HCSCM-30 | B31: 2575725 | C31: HCSCM | D31: 0 | H31: 2023-05-10 | I31: 2023-05-09 | J31: 2023-05-10 | K31: 2023-05-10 | L31: 0 | O31: 1 | P31: 2023-05-11 | Q31: 2023-07-12 | S31: 6 | T31: 22 | V31: 21 | W31: 22 | Z31: 8 | AA31: TRUE | AC31: sin embolias previas, grande y móvil, Hemocultivos negativos!!!
A32: HCSCM-31 | B32: 2435411 | C32: HCSCM | D32: 0 | H32: 2023-02-20 | I32: 2023-02-16 | J32: 2023-02-21 | K32: 2023-02-16 | L32: 0 | O32: 1 | P32: 2023-02-21 | Q32: 2023-05-09 | S32: 18 | Z32: -1 | AA32: FALSE | AB32: A | AC32: Ha subido tres imagénes y no son validas, Carlos dice descartar
A33: HCSCM-32 | B33: 2511968 | C33: HCSCM | D33: 0 | H33: 2022-11-07 | I33: 2022-11-02 | J33: 2022-11-18 | K33: 2022-11-02 | L33: 0 | O33: 1 | P33: 2022-11-21 | Q33: 2022-12-27 | S33: 12 | U33: 14 | W33: 12 | Z33: 8 | AA33: TRUE | AC33: Muy dificil de medir
A34: HCSCM-33 | B34: 2075675 | C34: HCSCM | D34: 0 | H34: 2023-02-13 | I34: 2023-02-13 | J34: 2023-02-13 | K34: 2023-02-13 | L34: 0 | O34: 1 | R34: 2023-03-06 | S34: 10 | U34: 10 | W34: 10 | Z34: 9 | AA34: TRUE | AC34: Muere 20 días después
A35: HCSCM-34 | B35: 2572887 | C35: HCSCM | D35: 0 | H35: 2023-01-10 | I35: 2023-01-10 | J35: 2023-01-11 | K35: 2023-01-10 | L35: 0 | O35: 1 | P35: 2023-01-11 | Q35: 2023-02-20 | S35: 8 | U35: 18 | W35: 8 | Z35: 8 | AA35: TRUE | AB35: MMD | AC35: parece muy grande
A36: HCSCM-35 | B36: 2564063 | C36: HCSCM | D36: 0 | H36: 2022-11-04 | I36: 2022-11-04 | J36: 2022-11-04 | K36: 2022-11-04 | L36: 0 | O36: 1 | P36: 2022-11-05 | Q36: 2022-11-16 | S36: 18 | U36: 15 | W36: 18 | Z36: 8 | AA36: TRUE | AC36: No se medirla
A37: HCSCM-36 | B37: 83631 | C37: HCSCM | D37: 0 | H37: 2022-08-09 | I37: 2022-08-09 | J37: 2022-08-09 | K37: 2022-08-09 | L37: 0 | O37: 1 | P37: 2022-08-10 | Q37: 2022-08-29 | S37: 16 | U37: 8 | W37: 16 | Z37: 8 | AA37: TRUE | AB37: MMD | AC37: Dificil de medir
A38: HCSCM-37 | B38: 1467340 | C38: HCSCM | D38: 0 | H38: 2021-10-10 | I38: 2021-10-10 | J38: 2021-10-13 | K38: 2021-10-10 | L38: 0 | O38: 1 | P38: 2021-10-18 | Q38: 2021-11-05 | S38: 16 | U38: 10 | W38: 16 | Z38: 8 | AA38: TRUE | AB38: MMD | AC38: Medición muy diferente
A39: HCSCM-38 | B39: 704042 | C39: HCSCM | D39: 0 | H39: 2021-12-22 | I39: 2021-12-19 | J39: 2021-12-22 | K39: 2021-12-21 | L39: 0 | O39: 1 | Q39: 2022-02-01 | T39: 10 | V39: 11 | W39: 10 | Z39: 5 | AA39: TRUE | AC39: Muy anclada
A40: HCSCM-39 | B40: 489385 | C40: HCSCM | D40: 0 | H40: 2021-09-22 | I40: 2021-09-22 | J40: 2021-09-22 | K40: 2021-09-22 | L40: 0 | O40: 0 | Q40: 2021-10-07 | S40: 28 | W40: 28 | Z40: 5 | AA40: TRUE | AB40: A MMD | AC40: No se medirlo, no es 28
A41: HCSCM-40 | B41: 717292 | C41: HCSCM | D41: 0 | H41: 2022-03-29 | I41: 2022-03-25 | J41: 2022-03-29 | K41: 2022-03-25 | L41: 0 | O41: 1 | Q41: 2022-04-08 | S41: 8 | U41: 10 | W41: 8 | Z41: 5 | AA41: TRUE | AC41: No se ve bien donde empieza
A42: HCSCM-41 | B42: 2715450 | C42: HCSCM | D42: 0 | H42: 2024-12-19 | I42: 2024-12-17 | J42: 2024-12-27 | K42: 2024-12-18 | L42: 0 | O42: 1 | P42: 2025-01-02 | Q42: 2025-01-30 | S42: 10 | U42: 10 | W42: 10 | Z42: 8 | AA42: TRUE | AC42: No parece muy móvil en la unica vista que hay
A43: HCSCM-42 | B43: 481131 | C43: HCSCM | D43: 0 | H43: 2024-12-20 | I43: 2024-12-17 | J43: 2024-12-10 | K43: 2024-12-17 | L43: 1 | M43: 2024-12-17 | O43: 0 | Q43: 2025-01-13 | T43: 11 | V43: 11 | W43: 11 | Z43: 1 | AA43: TRUE | AC43: Muy anclada
A44: HCSCM-43 | B44: 762372 | C44: HCSCM | D44: 0 | H44: 2022-02-07 | I44: 2022-02-04 | J44: 2022-02-07 | K44: 2022-02-04 | L44: 0 | O44: 1 | R44: 2022-02-10 | S44: 7 | U44: 7 | W44: 7 | Z44: 9 | AA44: TRUE | AC44: Muy anclada, poco móvil
A45: HCSCM-44 | B45: 1279866 | C45: HCSCM | D45: 0 | H45: 2022-01-24 | I45: 2022-01-18 | J45: 2022-01-24 | K45: 2021-12-18 | L45: 0 | O45: 1 | P45: 2022-02-04 | Q45: 2022-03-23 | S45: 5 | U45: 7 | W45: 5 | Z45: 8 | AA45: TRUE | AC45: movimiento bote
A46: HCSCM-45 | B46: 1288296 | C46: HCSCM | D46: 0 | H46: 2021-12-28 | I46: 2021-12-22 | J46: 2021-12-29 | K46: 2021-12-22 | L46: 0 | O46: 1 | P46: 2022-01-03 | R46: 2022-02-16 | T46: 13 | V46: 13 | W46: 13 | Z46: 14 | AA46: TRUE | AC46: muy anclada
A47: HCSCM-46 | B47: 2498702 | C47: HCSCM | D47: 0 | H47: 2021-12-12 | I47: 2021-12-11 | J47: 2021-12-16 | K47: 2021-12-11 | L47: 2 | M47: 2021-12-16 | N47: 2021-12-16 | O47: 1 | P47: 2021-12-16 | Q47: 2022-01-18 | S47: 14 | U47: 14 | W47: 14 | Z47: 2 | AA47: TRUE | AC47: también aparece aneurisma
A48: HCSCM-47 | B48: 261969 | C48: HCSCM | D48: 0 | H48: 2021-12-28 | I48: 2021-12-27 | J48: 2021-12-28 | K48: 2021-12-27 | L48: 0 | O48: 1 | P48: 2021-12-28 | Q48: 2022-01-14 | S48: 20 | U48: 15 | W48: 20 | Z48: 8 | AA48: TRUE | AB48: MMD | AC48: medida muy diferente
A49: HCSCM-48 | B49: 2238250 | C49: HCSCM | D49: 1 | E49: 2021-10-02 | H49: 2021-10-04 | I49: 2021-10-02 | J49: 2021-10-04 | K49: 2021-10-04 | L49: 0 | O49: 0 | Q49: 2021-11-26 | T49: 10 | V49: 11 | W49: 10 | Z49: 6 | AA49: TRUE | AC49: me parece un poco raro que no indiquen cirugía
A50: HCSCM-49 | B50: 1983667 | C50: HCSCM | D50: 0 | H50: 2021-12-15 | I50: 2021-12-14 | J50: 2021-12-15 | K50: 2021-12-14 | L50: 0 | O50: 0 | Q50: 2021-12-29 | T50: 3 | V50: 3 | W50: 3 | Z50: 5 | AA50: TRUE | AC50: muy pequeña
A51: HCSCM-50 | B51: 165368 | C51: HCSCM | D51: 5 | E51: 2021-11-07 | F51: 2021-11-07 | G51: 2021-11-07 | H51: 2021-11-10 | I51: 2021-11-07 | J51: 2021-11-10 | K51: 2021-11-07 | L51: 0 | O51: 1 | R51: 2021-11-23 | T51: 43 | V51: 39 | W51: 43 | Z51: 7 | AA51: TRUE | AC51: larguísima, no se opera por alto riesgo quirúrgico y muerte por fracaso multiorgánico
A52: HCSCM-51 | B52: HCSC51 | C52: HCSCM | D52: 0 | H52: 2025-07-08 | I52: 2025-07-08 | J52: 2025-07-09 | K52: 2025-07-08 | L52: 2 | M52: 2025-07-23 | N52: 2025-08-04 | O52: 1 | P52: 2025-07-09 | Q52: 2025-08-19 | T52: 37 | V52: 20 | W52: 37 | Z52: 1 | AA52: TRUE | AB52: A | AC52: muy grande, embolia post cirugía, Medida Tere
A53: HCSCM-52 | B53: HCSC_52 | C53: HCSCM | D53: 1 | E53: 2025-07-03 | H53: 2025-07-11 | I53: 2025-07-10 | J53: 2025-07-21 | K53: 2025-07-11 | L53: 1 | M53: 2025-07-14 | O53: 1 | P53: 2025-07-12 | Q53: 2025-08-14 | S53: 24 | W53: 24 | Z53: 4 | AA53: TRUE | AB53: A | AC53: no la veo, no se medirla, pone que es enorme, se le ha operado, luego le ha dado la embolia, luego eco
A54: HCSCM-53 | B54: HCSC_53 | C54: HCSCM | D54: 0 | H54: 2025-05-21 | I54: 2025-05-07 | J54: 2025-05-22 | K54: 2025-05-16 | L54: 0 | O54: 1 | P54: 2025-05-23 | Q54: 2025-06-26 | S54: 10 | U54: 10 | W54: 10 | Z54: 8 | AA54: TRUE | AC54: dificil de ver, No la encuentro en los splits
A55: HCSCM-54 | B55: HCSC_54 | C55: HCSCM | D55: 0 | H55: 2025-05-23 | I55: 2025-05-22 | J55: 2025-05-23 | K55: 2025-05-22 | L55: 1 | M55: 2025-05-23 | O55: 1 | R55: 2025-05-24 | T55: 26 | V55: 30 | W55: 26 | Z55: 2 | AA55: TRUE | AC55: gigante, No la encuentro en los splits
A56: HCSCM-55 | B56: 1115222 | C56: HCSCM | D56: 1 | E56: 2025-10-27 | H56: 2025-10-28 | I56: 2025-10-27 | J56: 2025-10-29 | K56: 2025-10-28 | L56: 0 | O56: 1 | P56: 2025-11-03 | R56: 2025-12-19 | T56: 13 | W56: 13 | Z56: 13 | AA56: TRUE | AC56: cirugía a los 4 días
A57: HCSCM-56 | B57: 2773991 | C57: HCSCM | D57: 0 | H57: 2025-09-25 | I57: 2025-09-23 | J57: 2025-10-01 | K57: 2025-09-24 | L57: 1 | M57: 2025-10-29 | O57: 1 | Q57: 2025-11-10 | S57: 9 | W57: 9 | Z57: 1 | AA57: TRUE | AC57: la embolia es un mes después
A58: HGTPB-1 | B58: 1000 | C58: HGTPB | D58: 1 | E58: 2024-02-16 | H58: 2024-02-14 | I58: 2024-02-14 | J58: 2024-02-23 | K58: 2024-02-11 | L58: 0 | O58: 1 | P58: 2024-03-05 | Q58: 2024-03-18 | T58: 13 | V58: 12 | W58: 13 | Z58: 7 | AA58: TRUE | AC58: algo móvil pero parece bastante rigida
A59: HGTPB-2 | B59: 1001 | C59: HGTPB | D59: 1 | E59: 2023-12-08 | H59: 2023-12-08 | I59: 2023-12-08 | J59: 2023-12-21 | K59: 2023-12-08 | L59: 0 | O59: 1 | P59: 2023-12-22 | Q59: 2024-01-03 | T59: 9 | V59: 11 | W59: 9 | Z59: 7 | AA59: TRUE | AC59: parecen dos
A60: HGTPB-3 | B60: 1003 | C60: HGTPB | D60: 0 | H60: 2023-10-27 | I60: 2023-10-31 | J60: 2023-10-31 | K60: 2023-10-07 | L60: 0 | O60: 1 | P60: 2023-10-31 | Q60: 2023-11-27 | S60: 6 | T60: 12 | W60: 12 | Z60: 8 | AA60: TRUE | AC60: dificil de medir en la aórtica
A61: HGTPB-4 | B61: 15521132 | C61: HGTPB | D61: 1 | E61: 2023-05-03 | H61: 2023-08-03 | I61: 2024-08-03 | J61: 2023-09-25 | K61: 2023-08-03 | L61: 0 | O61: 1 | P61: 2023-09-26 | Q61: 2023-10-05 | S61: 10 | V61: 12 | W61: 10 | Z61: 7 | AA61: TRUE | AC61: filiforme muy móvil
A62: HGTPB-5 | B62: 19801477 | C62: HGTPB | D62: 0 | H62: 2023-08-31 | I62: 2023-08-10 | J62: 2023-08-31 | K62: 2023-08-10 | L62: 0 | O62: 1 | P62: 2023-09-06 | Q62: 2023-10-30 | S62: 12 | U62: 11 | W62: 12 | Z62: 8 | AA62: TRUE | AC62: grande y móvil
A63: HGTPB-6 | B63: 21246909 | C63: HGTPB | D63: 1 | H63: 2023-07-27 | I63: 2023-07-09 | J63: 2023-08-04 | K63: 2023-07-23 | L63: 0 | O63: 1 | P63: 2023-08-07 | Q63: 2023-08-26 | S63: 12 | U63: 12 | W63: 12 | Z63: 8 | AA63: TRUE | AC63: parece bastante grande
A64: HGTPB-7 | B64: 20600121 | C64: HGTPB | D64: 1 | E64: 2023-05-08 | H64: 2023-05-09 | I64: 2023-05-09 | J64: 2023-05-09 | K64: 2023-05-08 | L64: 0 | O64: 1 | P64: 2023-05-10 | Q64: 2023-06-27 | S64: 30 | U64: 20 | W64: 30 | Z64: 7 | AA64: TRUE | AB64: MMD | AC64: muy grande, no se medirla
A65: HGTPB-8 | B65: 14869633 | C65: HGTPB | D65: 0 | H65: 2024-03-23 | I65: 2023-03-21 | J65: 2023-03-23 | K65: 2023-03-20 | L65: 0 | O65: 1 | P65: 2023-04-03 | Q65: 2023-06-07 | T65: 8 | W65: 8 | Z65: 8 | AA65: TRUE | AC65: cuesta medirla, medida Alberto
A66: HGTPB-9 | B66: 11411429 | C66: HGTPB | D66: 0 | H66: 2023-02-21 | I66: 2023-02-16 | J66: 2023-03-07 | K66: 2023-02-21 | L66: 0 | O66: 1 | P66: 2023-03-29 | Q66: 2023-05-03 | S66: 5 | T66: 15 | V66: 16 | W66: 15 | Z66: 8 | AA66: TRUE | AC66: Es grande y mucho tiempo entre eco y cirugía
A67: HGTPB-10 | B67: 13100376 | C67: HGTPB | D67: 1 | E67: 2023-03-09 | H67: 2023-03-13 | I67: 2023-03-09 | J67: 2023-03-15 | K67: 2023-03-10 | L67: 0 | O67: 1 | P67: 2023-03-22 | Q67: 2023-03-29 | T67: 21 | V67: 20 | W67: 21 | Z67: 7 | AA67: TRUE | AC67: muy grande y muy móvil
A68: HGTPB-11 | B68: 591857 | C68: HGTPB | D68: 0 | H68: 2023-01-10 | I68: 2022-12-29 | J68: 2023-01-11 | K68: 2022-12-29 | L68: 0 | O68: 1 | P68: 2023-01-12 | R68: 2023-02-01 | T68: 9.4 | V68: 12 | W68: 9.4 | Z68: 14 | AA68: TRUE | AC68: la vegetación consta de varias partes, un anclada y otra móvil
A69: HGTPB-12 | B69: 18883658 | C69: HGTPB | D69: 0 | H69: 2023-12-30 | I69: 2022-12-25 | J69: 2023-01-02 | K69: 2022-12-30 | L69: 0 | O69: 1 | P69: 2023-01-04 | Q69: 2023-02-07 | S69: 10 | U69: 11 | W69: 10 | Z69: 8 | AA69: TRUE | AC69: hemocultivos negativos
A70: HGTPB-13 | B70: 10248043 | C70: HGTPB | D70: 0 | H70: 2024-03-28 | I70: 2024-03-12 | J70: 2024-03-18 | K70: 2024-03-11 | L70: 0 | O70: 1 | Q70: 2024-04-02 | T70: 6 | V70: 8 | W70: 6 | Z70: 5 | AA70: TRUE | AC70: La vegetación tiene dos partes, la móvil es pequeña pero en conjunto es grande
A71: HGTPB-14 | B71: 141907 | C71: HGTPB | D71: 0 | H71: 2022-03-09 | I71: 2022-02-24 | J71: 2022-03-09 | K71: 2022-02-26 | L71: 0 | O71: 0 | Q71: 2022-03-15 | S71: 8.4 | V71: 9 | W71: 8 | Z71: 5 | AA71: TRUE | AC71: Muy fina, movimiento bote
A72: HGTPB-15 | B72: 14883570 | C72: HGTPB | D72: 0 | H72: 2022-10-28 | I72: 2022-10-26 | J72: 2022-11-09 | K72: 2022-10-28 | L72: 1 | M72: 2022-11-10 | O72: 1 | P72: 2022-11-22 | Q72: 2022-11-29 | S72: 8 | V72: 12 | W72: 8 | Z72: 1 | AA72: TRUE | AB72: MMD | AC72: es mayor que 8
A73: HGTPB-16 | B73: 10659957 | C73: HGTPB | D73: 0 | H73: 2022-02-18 | I73: 2022-02-07 | J73: 2022-02-18 | K73: 2022-02-07 | L73: 1 | M73: 2022-02-14 | O73: 0 | Q73: 2022-02-23 | T73: 15 | V73: 14 | W73: 15 | Z73: 6 | AA73: TRUE | AC73: no se indica cirugía
A74: HGTPB-17 | B74: 568081 | C74: HGTPB | D74: 0 | H74: 2022-02-22 | I74: 2022-01-23 | J74: 2022-02-22 | K74: 2022-01-25 | L74: 0 | O74: 1 | P74: 2022-03-16 | Q74: 2022-04-14 | S74: 3 | W74: 3 | Z74: 8 | AA74: TRUE | AC74: No veo vegetación
A75: HGTPB-18 | B75: 19972629 | C75: HGTPB | D75: 0 | H75: 2021-12-03 | I75: 2021-11-29 | J75: 2021-12-09 | K75: 2021-12-01 | L75: 0 | O75: 1 | P75: 2021-12-13 | Q75: 2021-12-22 | S75: 16 | W75: 16 | Z75: 8 | AA75: TRUE | AC75: forma muy inusual, no se medirlo, muy anclada
A76: HGTPB-19 | B76: 483418 | C76: HGTPB | D76: 1 | H76: 2021-08-03 | I76: 2021-07-30 | J76: 2021-08-03 | K76: 2021-07-27 | L76: 1 | M76: 2021-08-11 | O76: 1 | R76: 2021-08-12 | S76: 12.27 | U76: 13 | W76: 12 | Z76: 11 | AA76: TRUE | AC76: No se realiza la cirugía porque se muere y complicación neurológica, medida Tere
A77: HGTPB-20 | B77: 15953358 | C77: HGTPB | D77: 1 | E77: 2021-10-01 | H77: 2021-09-28 | I77: 2021-09-28 | J77: 2021-09-29 | K77: 2021-09-28 | L77: 0 | O77: 1 | P77: 2021-10-04 | Q77: 2021-10-19 | S77: 25 | U77: 34 | V77: 24 | W77: 25 | Z77: 1 | AA77: TRUE | AC77: dificil medir, hay dos grandes en la aórtica, es caso porque la previa es posterior a la eco
A78: HGTPB-21 | B78: 607886 | C78: HGTPB | D78: 0 | H78: 2021-08-26 | I78: 2021-08-24 | J78: 2021-08-26 | K78: 2021-08-26 | L78: 0 | O78: 1 | Q78: 2021-09-20 | S78: 7 | W78: 7 | Z78: 5 | AA78: TRUE | AC78: No se medirla, muy anclada
A79: HGTPB-22 | B79: 567218 | C79: HGTPB | D79: 0 | H79: 2024-04-30 | I79: 2024-05-02 | J79: 2024-05-02 | K79: 2024-05-01 | L79: 0 | O79: 1 | P79: 2024-05-03 | Q79: 2024-08-22 | S79: 15 | T79: 18 | W79: 15 | Z79: 8 | AA79: TRUE | AC79: muy difusa, hay varias, cuesta medirlas
A80: HGTPB-23 | B80: 15188846 | C80: HGTPB | D80: 0 | H80: 2022-10-20 | I80: 2022-10-18 | J80: 2022-10-20 | K80: 2022-10-18 | L80: 0 | O80: 0 | Q80: 2022-10-25 | S80: 15 | W80: 15 | Z80: 5 | AA80: TRUE | AB80: C | AC80: muy extraño no indicación de cirugía
A81: HGTPB-24 | B81: HGTPB-24 | C81: HGTPB | D81: 1 | E81: 2022-11-12 | H81: 2022-11-15 | I81: 2022-11-13 | J81: 2022-11-23 | K81: 2022-11-13 | L81: 0 | O81: 1 | P81: 2022-11-28 | Q81: 2022-12-05 | T81: 11 | V81: 14 | W81: 11 | Z81: 7 | AA81: TRUE | AC81: muy móvil
A82: HGTPB-25 | B82: 330039 | C82: HGTPB | D82: 0 | H82: 2022-11-25 | I82: 2022-11-18 | J82: 2022-11-25 | K82: 2022-11-18 | L82: 0 | O82: 1 | Q82: 2022-12-09 | T82: 11 | V82: 11 | W82: 11 | Z82: 5 | AA82: TRUE | AC82: dos vegetaciones muy pegadas
A83: HGTPB-26 | B83: HGTPB-26 | C83: HGTPB | D83: 0 | H83: 2022-12-12 | I83: 2022-12-05 | J83: 2022-12-12 | K83: 2022-12-12 | L83: 0 | O83: 1 | P83: 2022-12-19 | Q83: 2023-01-04 | S83: 7 | U83: 10 | W83: 7 | Z83: 8 | AA83: TRUE | AC83: hemocultivos negativos
A84: HGTPB-27 | B84: HGTPB-27 | C84: HGTPB | D84: 0 | H84: 2022-12-21 | I84: 2022-12-16 | J84: 2022-12-21 | K84: 2022-12-17 | L84: 0 | O84: 1 | P84: 2022-12-30 | R84: 2023-01-13 | S84: 7 | U84: 8 | W84: 7 | Z84: 14 | AA84: TRUE | AC84: un poco dificil definirla, solo hay una imagen y es con zoom
A85: HGTPB-28 | B85: HGTPB-28 | C85: HGTPB | D85: 0 | H85: 2023-03-14 | I85: 2023-02-11 | J85: 2023-03-14 | K85: 2023-02-14 | L85: 0 | O85: 0 | Q85: 2023-03-30 | S85: 7 | U85: 6 | W85: 7 | Z85: 5 | AA85: TRUE | AC85: No se medirla, muy pequeña
A86: HGTPB-29 | B86: HGTPB-29 | C86: HGTPB | D86: 1 | H86: 2023-05-19 | I86: 2023-05-16 | J86: 2023-05-19 | K86: 2023-05-17 | L86: 0 | O86: 0 | Q86: 2023-06-07 | T86: 16 | W86: 16 | Z86: 6 | AA86: TRUE | AB86: A | AC86: No se medirla, pone que le ha dado una embolia previa pero no pone fecha, Carlos suponer que esta fecha
A87: HGTPB-30 | B87: HGTPB-30 | C87: HGTPB | D87: 0 | H87: 2023-06-29 | I87: 2023-06-15 | J87: 2023-06-29 | K87: 2023-06-16 | L87: 0 | O87: 0 | Q87: 2023-07-17 | S87: 7 | U87: 8 | W87: 7 | Z87: 5 | AA87: TRUE | AC87: cuesta distinguirla de la válvula
A88: HGTPB-31 | B88: HGTPB-31_REVISADO | C88: HGTPB | D88: 0 | H88: 2023-12-07 | I88: 2023-12-03 | J88: 2023-12-07 | K88: 2023-12-03 | L88: 0 | O88: 0 | Q88: 2024-01-08 | T88: 12 | V88: 12 | W88: 12 | Z88: 5 | AA88: TRUE | AC88: redondeada
A89: HGTPB-32 | B89: HGTPB-32_REVISADO | C89: HGTPB | D89: 3 | E89: 2023-12-14 | F89: 2023-12-15 | G89: 2023-12-15 | H89: 2023-12-19 | I89: 2023-12-14 | J89: 2023-12-19 | K89: 2023-12-15 | L89: 1 | M89: 2023-12-23 | O89: 1 | P89: 2024-02-09 | Q89: 2024-03-01 | T89: 7 | V89: 9 | W89: 7 | Z89: 3 | AA89: TRUE | AB89: A | AC89: Tiene algo enorme moviendose que no se que es
A90: HGTPB-33 | B90: HGTPB-33_REVISADO | C90: HGTPB | D90: 0 | H90: 2024-03-26 | I90: 2024-03-19 | J90: 2024-03-26 | K90: 2024-03-19 | L90: 0 | O90: 0 | Q90: 2024-04-26 | T90: 8 | V90: 8 | W90: 8 | Z90: 5 | AA90: TRUE | AC90: pequeña
A91: HGTPB-34 | B91: 10852546 | C91: HGTPB | D91: 0 | H91: 2024-05-17 | I91: 2024-05-16 | J91: 2024-05-17 | K91: 2024-05-16 | L91: 0 | O91: 0 | Q91: 2024-05-27 | S91: 7 | W91: 7 | Z91: 5 | AA91: TRUE | AB91: B | AC91: no veo nada, redcap en la aórtica y yo la veo en la mitral
A92: HGTPB-35 | B92: HGTPB-35 | C92: HGTPB | D92: 0 | H92: 2024-05-23 | I92: 2024-05-20 | J92: 2024-05-23 | K92: 2024-05-20 | L92: 0 | O92: 1 | Q92: 2024-06-21 | S92: 11 | U92: 11 | W92: 11 | Z92: 5 | AA92: TRUE | AC92: muy anclado
A93: HGTPB-36 | B93: HGTPB-36 | C93: HGTPB | D93: 0 | H93: 2023-02-28 | I93: 2023-02-15 | J93: 2023-03-01 | K93: 2023-02-21 | L93: 0 | O93: 1 | R93: 2023-03-04 | T93: 15 | W93: 15 | Z93: 9 | AA93: TRUE | AC93: Dificil de medir, masa grande de forma inusual
A94: HGTPB-37 | B94: HGTPB-37 | C94: HGTPB | D94: 0 | H94: 2022-11-22 | I94: 2022-11-14 | J94: 2022-11-22 | K94: 2022-11-18 | L94: 1 | M94: 2022-12-15 | O94: 0 | Q94: 2022-12-21 | T94: 11 | V94: 11 | W94: 11 | Z94: 1 | AA94: TRUE | AC94: varias semanas después de la eco
A95: HGTPB-38 | B95: HGTPB-38 | C95: HGTPB | D95: 0 | H95: 2024-06-18 | I95: 2024-06-17 | J95: 2024-06-20 | K95: 2024-06-18 | L95: 0 | O95: 1 | P95: 2024-07-15 | Q95: 2024-08-20 | T95: 12 | V95: 13 | W95: 12 | Z95: 8 | AA95: TRUE | AC95: muy embolizable y pasa mucho tiempo entre eco y cirugía
A96: HGTPB-39 | B96: HGTPB-39 | C96: HGTPB | D96: 0 | H96: 2024-07-09 | I96: 2024-07-08 | J96: 2024-07-10 | K96: 2024-07-09 | L96: 0 | O96: 1 | P96: 2024-07-12 | Q96: 2024-07-26 | T96: 16 | V96: 17 | W96: 16 | Z96: 8 | AA96: TRUE | AC96: muy móvil
A97: HGTPB-40 | B97: HGTPB-40 | C97: HGTPB | D97: 0 | H97: 2024-07-29 | I97: 2024-07-23 | J97: 2024-07-29 | K97: 2024-07-23 | L97: 0 | O97: 1 | Q97: 2024-08-23 | T97: 11 | V97: 11 | W97: 11 | Z97: 5 | AA97: TRUE | AC97: No se realiza cirugía por fragilidad del paciente
A98: HGTPB-41 | B98: HGTPB-41 | C98: HGTPB | D98: 0 | H98: 2024-08-05 | I98: 2024-07-12 | J98: 2024-08-05 | K98: 2024-08-02 | L98: 0 | O98: 1 | P98: 2024-09-17 | Q98: 2024-10-07 | T98: 7 | V98: 8 | W98: 7 | Z98: 8 | AA98: TRUE | AC98: pequeña y poco móvil
A99: HGTPB-42 | B99: HGTPB-42 | C99: HGTPB | D99: 0 | H99: 2024-08-26 | I99: 2024-08-20 | J99: 2024-08-23 | K99: 2024-08-20 | L99: 0 | O99: 0 | Q99: 2024-10-02 | S99: 6 | U99: 7 | W99: 6 | Z99: 5 | AA99: TRUE | AC99: muy pequeña
A100: HGTPB-43 | B100: HGTPB-43 | C100: HGTPB | D100: 1 | E100: 2024-08-08 | H100: 2024-08-14 | I100: 2024-08-08 | J100: 2024-08-14 | K100: 2024-08-14 | L100: 0 | O100: 1 | Q100: 2024-09-10 | S100: 9 | W100: 9 | Z100: 6 | AA100: TRUE | AC100: Muy dificil de medir
...

Sheet results
B2: -1 | D2: No hay imágenes | J2: =COUNTIF(data!Z2:Z315,-1) -> 17 | R2: REVISIÓN:
B3: 1 | D3: Embolia post-eco sin previas | J3: =COUNTIF(data!Z2:Z315,1) -> 27 | R3: SM | S3: Sin medir
B4: 2 | D4: Embolia día eco sin previas | J4: =COUNTIF(data!Z2:Z315,2) -> 5 | R4: MMD | S4: Medición muy diferente
B5: 3 | D5: Embolia post-eco con embolia previa | J5: =COUNTIF(data!Z2:Z315,3) -> 6 | R5: MD | S5: Medición diferente
B6: 4 | D6: Cirugía entre o previa a eco y embolia | J6: =COUNTIF(data!Z2:Z315,4) -> 6 | R6: A | S6: Importante Revisar
B7: 5 | D7: Sin embolias previas o post ni muerte ni cirugía | J7: =COUNTIF(data!Z2:Z315,5) -> 74 | R7: B | S7: Hay que revisarlo
B8: 6 | D8: Solo embolias previas sin cirugía ni muerte | J8: =COUNTIF(data!Z2:Z315,6) -> 26 | R8: C | S8: Estaría Bien comentarlo
B9: 7 | D9: Solo previas con cirugía sin muerte | J9: =COUNTIF(data!Z2:Z315,7) -> 33
B10: 8 | D10: cirugía sin muerte sin embolias | J10: =COUNTIF(data!Z2:Z315,8) -> 59
B11: 9 | D11: muerte sin cirugía sin embolias | J11: =COUNTIF(data!Z2:Z315,9) -> 17
B12: 10 | D12: embolia previa durante el tratamiento (e ingreso) | J12: =COUNTIF(data!Z2:Z315,10) -> 3
B13: 11 | D13: Embolia despues que el eco con muerte | J13: =COUNTIF(data!Z2:Z315,11) -> 7
B14: 12 | D14: muerte sin cirugía con solo previas | J14: =COUNTIF(data!Z2:Z315,12) -> 5
B15: 13 | D15: cirugia y muerte con solo previas | J15: =COUNTIF(data!Z2:Z315,13) -> 7
B16: 14 | D16: cirugía y muerte sin embolias | J16: =COUNTIF(data!Z2:Z315,14) -> 14
Q18: =COUNTIFS(data!AA2:AA335,"<>TRUE",data!AA2:AA335,"<>FALSE") -> 0
P19: TRUE | Q19: =COUNTIF(data!AA2:AA335,TRUE) -> 296
J20: =SUM(J2:J16) -> 306 | K20: validos: | L20: =J20-J2 -> 289 | P20: FALSE | Q20: =COUNTIF(data!AA2:AA335,FALSE) -> 38
Q21: =SUM(Q19:Q20) -> 334
